Empresa,Sector,Web,Ultima_Publicacion,Instagram,LinkedIn,Facturacion,Zona,Estado_Verificacion
"Garcia Faura, S.L.","Fachadas de Aluminio","https://www.garciafaura.com","Julio 2026 (@garciafaura)","@garciafaura","linkedin.com/company/garciafaura","38.2M €","Cataluña","Aprobada (No en CRM / No AEA)"
"Riventi Fachadas Estructurales, S.L.","Fachadas de Aluminio","https://www.riventi.net","Junio 2026 (@riventi_fachadas)","@riventi_fachadas","linkedin.com/company/riventi","22.0M €","Castilla y Leon","Descartada (Ya registrada en CRM)"
"ACYF Group (Alturas Cubiertas y Fachadas S.L.)","Fachadas Especiales","https://acyfgroup.com","Septiembre 2026 (LinkedIn)","@acyfgroup","linkedin.com/company/acyfgroup","14.5M €","Aragón","Aprobada (No en CRM / No AEA / Alta solvencia)"
"Axial Structural Solutions (Axial Sistemas Solares S.L.)","Estructuras Solares","https://www.axialstructural.com","Septiembre 2026 (LinkedIn)","@axialstructural","linkedin.com/company/axial-structural-solutions","165.1M €","Comunidad Valenciana","Aprobada (No en CRM / No AEA / Top Solvencia)"
"Fachadas Singulares Uxama S.L.","Fachadas de Aluminio","https://www.uxama.com","Septiembre 2026 (LinkedIn)","@uxama_fachadas","linkedin.com/company/uxama","12.8M €","País Vasco","Aprobada (No en CRM / No AEA / Especialista envolventes)"
"Hidalmira S.L. (Grupo Hidalmira)","Fachadas de Aluminio","https://hidalmira.com","Septiembre 2026 (LinkedIn)","@hidalmira_fachadas","linkedin.com/company/hidalmira","9.2M €","Comunidad de Madrid","Aprobada e Incorporada (No en CRM / No AEA / Alta solvencia)"
"Aluminios Ferrari S.L.","Fachadas de Aluminio","https://aluminiosferrari.com","Agosto 2026 (LinkedIn)","@aluminiosferrari","linkedin.com/company/aluminios-ferrari","11.4M €","Comunidad Valenciana","Aprobada e Incorporada (No en CRM / No AEA / Gran transformador)"
"Prausa Estructuras S.L.","Estructuras Solares","https://prausa.com","Septiembre 2026 (LinkedIn)","@prausa_estructuras","linkedin.com/company/prausa-estructuras","24.8M €","Castilla-La Mancha","Aprobada e Incorporada (No en CRM / No AEA / Fabricante estructuras solares)"
"Gonvarri Solar Steel (Solar Steel Gonvarri Industries S.L.)","Estructuras Solares","https://www.gsolarsteel.com/es/somos-gonvarri-solar-steel/","Septiembre 2026 (LinkedIn)","@gonvarri_industries","linkedin.com/company/gonvarri-solar-steel","285.0M €","Comunidad de Madrid","Aprobada e Incorporada (No en CRM / No AEA / Líder global estructuras solares)"
"Gravent Ventilación y Protección Solar S.L.","Fachadas de Aluminio","https://gravent.es","Septiembre 2026 (LinkedIn)","@gravent_es","linkedin.com/company/gravent","6.4M €","Cataluña","Aprobada e Incorporada (No en CRM / No AEA / Fachadas bioclimáticas y celosías)"
"Solven Sistemas de Cerramientos S.L.","Cerramientos y Carpintería de Aluminio","https://www.solven.es","Septiembre 2026 (LinkedIn)","@solven_cerramientos","linkedin.com/company/solven","15.8M €","Castilla-La Mancha","Aprobada e Incorporada (No en CRM / No AEA / Gran fabricante cerramientos)"
"Aluexterior S.L.","Fachadas de Aluminio","https://aluexterior.es","Septiembre 2026 (LinkedIn)","@aluexterior","linkedin.com/company/aluexterior","8.1M €","La Rioja","Descartada (Por indicación del usuario)"
"Perfilados del Norte S.A. (Perfisa)","Perfiles Estructurales Aluminio","https://perfisa.es","Agosto 2026 (LinkedIn)","@perfisa_norte","linkedin.com/company/perfisa","18.6M €","Asturias","Descartada (Por indicación del usuario)"
"Hidalfe S.L. (Muros Cortina y Fachadas)","Fachadas de Aluminio","https://www.hidalfe.es","Septiembre 2026 (LinkedIn)","@hidalfe_fachadas","linkedin.com/company/hidalfe","7.8M €","Comunidad de Madrid","Aprobada e Incorporada (No en CRM / No AEA / Especialista envolventes)"
"Uvisan Fachadas y Cubiertas S.L.","Fachadas Especiales","https://uvisan.com","Septiembre 2026 (LinkedIn)","@uvisan_fachadas","linkedin.com/company/uvisan","9.6M €","Comunidad de Madrid","Aprobada e Incorporada (No en CRM / No AEA / Fachadas modulares singulares)"
"Fenster (Fabricación de Cerramientos S.L.)","Cerramientos y Carpintería de Aluminio","https://www.fenster.es","Septiembre 2026 (LinkedIn)","@fenster_cerramientos","linkedin.com/company/fenster-sl","14.2M €","Cataluña","Aprobada e Incorporada (No en CRM / No AEA / Gran fabricante de cerramientos y muros cortina)"
"Alverlam S.L. (Grupo Alverlam)","Fachadas de Aluminio","https://alverlam.com","Septiembre 2026 (LinkedIn)","@alverlam_fachadas","linkedin.com/company/alverlam","8.9M €","Murcia","Descartada (Por indicación del usuario)"
"Mirandesa de Cerramientos S.L.","Fachadas de Aluminio","https://mirandesa.com","Septiembre 2026 (LinkedIn)","@mirandesa_fachadas","linkedin.com/company/mirandesa-cerramientos","11.2M €","Castilla y Leon","Descartada (Por indicación del usuario)"
"Cerramientos Candela S.L.","Cerramientos y Carpintería de Aluminio","https://cerramientoscandela.com","Septiembre 2026 (LinkedIn)","@cerramientoscandela","linkedin.com/company/cerramientoscandela","7.4M €","Comunidad Valenciana","Descartada (Por indicación del usuario)"
"Talleres Teyco S.L.","Perfiles Estructurales Aluminio","https://teyco.es","Septiembre 2026 (LinkedIn)","@talleres_teyco","linkedin.com/company/talleres-teyco","16.8M €","Cataluña","Descartada (Por indicación del usuario)"
"Alufase (Andamiajes y Encofrados S.A.)","Estructuras Industriales de Aluminio","https://alufase.com","Septiembre 2026 (LinkedIn)","@alufase_scaffolding","linkedin.com/company/alufase","18.5M €","Comunidad de Madrid","Descartada (Ya registrada previamente en CRM - PROP-PADEL-0224)"
"Alucoil S.A. (Grupo Alibérico)","Fachadas de Aluminio","https://alucoil.com","Septiembre 2026 (LinkedIn)","@alucoil_official","linkedin.com/company/alucoil-s-a","88.5M €","Castilla y Leon","Descartada (Por indicación del usuario)"
"Clemente Navarro S.A.","Cerramientos y Carpintería de Aluminio","https://clementenavarro.com","Septiembre 2026 (LinkedIn)","@clementenavarrosa","linkedin.com/company/clemente-navarro-s-a","13.7M €","Murcia","Descartada (Por indicación del usuario)"
